-- Item
INSERT INTO item VALUES( 'ESPADA DE RONALD', 10,10,100,10,'LENDARIO');
INSERT INTO item VALUES('CAJADO DE PEDRO',	20,	20,	80,	5,	'EPICO');
INSERT INTO item VALUES('MACHADO DE BIA',	10,	30,	70,	2,	'RARO');
INSERT INTO item VALUES('ADAGAS DE LUCA',	5,	0,	20,	8,	'COMUM');
INSERT INTO item VALUES('ARMADURA DE RONALD',	5,	10,	15,	20,	'COMUM');
INSERT INTO item VALUES('ARMADURA DE PEDRO',	3,	0,	0,	30,	'RARO');
INSERT INTO item VALUES('ARMADURA DE BIA',	10,	50,	0,	15,	'EPICO');
INSERT INTO item VALUES('ARMADURA DE LUCA',	25,	70,	200,	15,	'LENDARIO');
INSERT INTO item VALUES('POCAO DE VIDA',	1,	5,	0,	1,	'COMUM');
INSERT INTO item VALUES('POCAO DE MANA',	1,	5,	0,	1,	'COMUM');
INSERT INTO item VALUES('ELIXIR DA RESSUREICAO',	10,	50,	100,	1,	'LENDARIO');
INSERT INTO item VALUES('ELIXIR DO MAGO',	5,	25,	50,	1,	'RARO');

-- Arma Armadura Consumível
INSERT INTO arma VALUES( 'ESPADA DE RONALD', 400);
INSERT INTO arma VALUES('CAJADO DE PEDRO',	300);
INSERT INTO arma VALUES('MACHADO DE BIA',	100);
INSERT INTO arma VALUES('ADAGAS DE LUCA',	50);
INSERT INTO armadura VALUES('ARMADURA DE RONALD',	25);
INSERT INTO armadura VALUES('ARMADURA DE PEDRO',	40);
INSERT INTO armadura VALUES('ARMADURA DE BIA',	75);
INSERT INTO armadura VALUES('ARMADURA DE LUCA',	120);
INSERT INTO consumivel VALUES('POCAO DE VIDA',	'REGENERACAO DE VIDA');
INSERT INTO consumivel VALUES('POCAO DE MANA',	'REGENERACAO DE MANA');
INSERT INTO consumivel VALUES('ELIXIR DA RESSUREICAO',	'RESSUCITA UM ALIADO');
INSERT INTO consumivel VALUES('ELIXIR DO MAGO',	'AUMENTA SEU DANO E DEFESA');

-- Habilidade
INSERT INTO habilidade VALUES ('GIRAR','GIRA E DA DANO CONTINUO AO INIMIGO');
INSERT INTO habilidade VALUES ('SOCO', 'SOCA OS INIMIGOS');
INSERT INTO habilidade VALUES ('APUNHALAR','ESFAQUEIA O INIMIGO');
INSERT INTO habilidade VALUES ('DURMA','FAÇA O INIMIGO DORMIR');
INSERT INTO habilidade VALUES ('CONFUSAO', 'DIMINUA O DANO E A DEFESA DO INIMIGO')
